token,canonical,kind
(Independent City),,invalid
Abra,Abra,province
Agusan Del Norte,Agusan Del Norte,province
Agusan Del Sur,Agusan Del Sur,province
Aklan,Aklan,province
Albay,Albay,province
Antique,Antique,province
Apayao,Apayao,province
Aurora,Aurora,province
Basilan,Basilan,province
Bataan,Bataan,province
Batanes,Batanes,province
Batangas,Batangas,province
Benguet,Benguet,province
Biliran,Biliran,province
Bohol,Bohol,province
Bukidnon,Bukidnon,province
Bulacan,Bulacan,province
Cagayan,Cagayan,province
Camarines Norte,Camarines Norte,province
Camarines Sur,Camarines Sur,province
Camiguin,Camiguin,province
Capiz,Capiz,province
Catanduanes,Catanduanes,province
Cavite,Cavite,province
Cebu,Cebu,province
Compostela Valley,Davao de Oro,province
Cotabato,Cotabato,province
Davao Del Norte,Davao Del Norte,province
Davao Del Sur,Davao Del Sur,province
Davao Occidental,Davao Occidental,province
Davao Oriental,Davao Oriental,province
Davao de Oro (Compos. Valley),Davao de Oro,province
Dinagat Island,Dinagat Islands,province
Dinagat Islands,Dinagat Islands,province
Eastern Samar,Eastern Samar,province
Guimaras,Guimaras,province
Ifugao,Ifugao,province
Ilocos Norte,Ilocos Norte,province
Ilocos Sur,Ilocos Sur,province
Iloilo,Iloilo,province
Isabela,Isabela,province
Kalinga,Kalinga,province
La Union,La Union,province
Laguna,Laguna,province
Lanao Del Norte,Lanao Del Norte,province
Lanao Del Sur,Lanao Del Sur,province
Leyte,Leyte,province
Maguindanao,Maguindanao,province
Marinduque,Marinduque,province
Masbate,Masbate,province
Metro Manila,Metro Manila,metro
Misamis Occidental,Misamis Occidental,province
Misamis Oriental,Misamis Oriental,province
Mountain Province,Mountain Province,province
Negros Occidental,Negros Occidental,province
Negros Oriental,Negros Oriental,province
Northern Samar,Northern Samar,province
Nueva Ecija,Nueva Ecija,province
Nueva Vizcaya,Nueva Vizcaya,province
Occidental Mindoro,Occidental Mindoro,province
Oriental Mindoro,Oriental Mindoro,province
Palawan,Palawan,province
Pampanga,Pampanga,province
Pangasinan,Pangasinan,province
Philippines,,invalid
Quezon,Quezon,province
Quirino,Quirino,province
Rizal,Rizal,province
Romblon,Romblon,province
Samar,Samar,province
Sarangani,Sarangani,province
Siquijor,Siquijor,province
Sorsogon,Sorsogon,province
South Cotabato,South Cotabato,province
Southern Leyte,Southern Leyte,province
Special Geographic Area,Special Geographic Area,special
Sultan Kudarat,Sultan Kudarat,province
Sulu,Sulu,province
Surigao Del Norte,Surigao Del Norte,province
Surigao Del Sur,Surigao Del Sur,province
Tarlac,Tarlac,province
Tawi-Tawi,Tawi-Tawi,province
Zambales,Zambales,province
Zamboanga Del Norte,Zamboanga Del Norte,province
Zamboanga Del Sur,Zamboanga Del Sur,province
Zamboanga Sibugay,Zamboanga Sibugay,province
sample province,,invalid
