band,similarity,key_a,key_b,label,review_status
0,0.8288,"BARANGAY ILAYA, AGRO FORESTRY FARMERS ASSOCIATION (BIAFFA), INC.","BARANGAY TABLON, CAGAYAN DE ORO CITY",different,unreviewed
0,0.8799,"MUNICIPALITY OF DANGCAGAN, BUKIDNON","MUNICIPALITY OF ZARRAGA, ILOILO",different,unreviewed
0,0.8318,DEPED BATAAN EMPLOYEES CONSUMERS COOPERATIVE,DEPED REGION VIII MULTI-PURPOSE COOPERATIVE,different,unreviewed
0,0.8201,"BARANGAY BINOONGAN COMMUNITY FARMERS ASSOCIATION, INC.","BARANGAY POBLACION, BINALONAN, PANGASINAN",different,unreviewed
0,0.8528,"BARANGAY BARAS, TANAUAN, LEYTE","BARANGAY MAPUTI, NAAWAN, MISAMIS ORIENTAL",different,unreviewed
0,0.8472,"BARANGAY BUSAY, DARAGA, ALBAY","BARANGAY LUMBAYAO, VALENCIA CITY",different,unreviewed
0,0.8288,BARANGAY BINAKALAN GINGOOG CITY MISAMIS ORIENTAL,"BARANGAY SAN MANUEL, PUERTO PRINCESA CITY, PALAWAN",different,unreviewed
0,0.8344,JACK'S INDUSTRIAL AND DEVELOPMENT CORPORATION,JACKS RIDGE RESORT & RESTAURANT CORP.,different,unreviewed
0,0.8336,"THRIVE MEDICAL AND CHEMICAL SALES, INC.","THRIVE ZEAL INDUSTRIES, INC.",different,unreviewed
0,0.8291,SOUTHERN AUTOMART AND TRADING CORP.,"SOUTHERN CARRIER COMPANY, INC.",different,unreviewed
0,0.8222,"BARANGAY ESTER,VINTAR, ILOCOS NORTE","BARANGAY MANINGCAY DE ORO, PRIETO DIAZ, SORSOGON",different,unreviewed
0,0.8953,PHILIPPINE AMUSEMENT AND GAMING CORPORATION,PHILIPPINE VENDING CORPORATION,different,unreviewed
0,0.8342,POWER SIGNS & ADS,"POWER SYSTEMS, INCORPORATED",different,unreviewed
0,0.8548,ONE ACG MARKETING AND GENERAL MERCHANDISE,ONE MARK ENGINEERING TECHNOLOGIES,different,unreviewed
0,0.8353,"BARANGAY JEREOS LAPAZ, ILOILO CITY","BARANGAY SIL-IPON, LIBONA, BUKIDNON",different,unreviewed
0,0.8324,THE GRANDE SUITES,THE GRASS GARDEN RESORT AND VILLAS,different,unreviewed
0,0.8344,"BARANGAY BOTIGUE, LAOAC, PANGASINAN","BARANGAY PIANDA SUR, ALIMODIAN, ILOILO",different,unreviewed
0,0.8356,"BARANGAY MINDAGAT, MALITBOG, BUKIDNON",BARANGAY POBLACION A - M'LANG COTABATO,different,unreviewed
0,0.8334,"BARANGAY BARBAR, SAN JUAN, ILOCOS SUR",BARANGAY SOUTH DAANG HARI TAGUIG CITY METRO MANILA,different,unreviewed
0,0.8216,"BARANGAY PANAGA, LAOAC, PANGASINAN","BARANGAY TAGPANGI, CAGAYAN DE ORO CITY, MISAMIS ORIENTAL",different,unreviewed
0,0.8297,TRIPLE 8 CARINDERIA & CATERING SERVICES,TRIPLE 8 PHARMACEUTICAL PRODUCTS TRADING,different,unreviewed
0,0.8563,"BARANGAY KINUARTELAN, POLANGUI, ALBAY",BARANGAY NAGUIDDAYAN - BANTAY ILOCOS SUR,different,unreviewed
0,0.8297,"GOLDEN BRIDGE CAR ACCESSORIES & PARTS CENTER, INC.",GOLDEN CIRCLE ENTERPRISES,different,unreviewed
0,0.8354,PHIL- INDIA EDUCATIONAL PRODUCT CORPORATION,"PHIL-ICLOUD TECH., INC.",different,unreviewed
0,0.8304,SOLID BULACAN TOURIST TRANSPORT SERVICE COOPERATIVE,SOLID RAMP CONSTRUCTION & REALTY INC.,different,unreviewed
0,0.8225,"BARANGAY 08-A, DAVAO CITY","BARANGAY MALABNIG , GUINOBATAN, ALBAY",different,unreviewed
0,0.8206,COMMUNITY ASSOCIATION RRESOURCES,"COMMUNITY WELFARE SERVICE LOTUS FOUNDATION SCHOOL AND TRAINING CENTER, INC.",different,unreviewed
0,0.8473,BARANGAY BAGONG SILANG UNITED FARMERS ASSOCIATION INC.,"BARANGAY LIBANG, CERVANTES, ILOCOS SUR",different,unreviewed
0,0.8706,BONGABONG COCONUT FARMER'S MULTI-PURPOSE COOPERATIVE,BONGABONG MULTI-PURPOSE COOPERATIVE (BMPC),different,unreviewed
0,0.8438,"BARANGAY LANGOGAN, PUERTO PRINCESA CITY, PALAWAN","BARANGAY MAGSAYSAY - CARMEN, DAVAO DEL NORTE",different,unreviewed
0,0.8479,HOTEL MARINDUQUE,HOTEL POSEIDON',different,unreviewed
0,0.8496,ROYAL J PHARMA SALES INC,ROYAL SPLASH BEACH RESORT,different,unreviewed
0,0.8547,GOLDEN DC ENTERPRISES INC,GOLDEN HOME CARE PRODUCTS,different,unreviewed
0,0.8448,"BARANGAY BUSDAC, BACACAY, ALBAY","BARANGAY MANINILA, GUINOBATAN, ALBAY",different,unreviewed
0,0.8375,"BARANGAY BUENAVISTA, RAPU-RAPU, ALBAY","BARANGAY ZONE 3, LIBON, ALBAY",different,unreviewed
0,0.823,MAR-LEY CONSTRUCTION AND TRADING INC.,MAR-MAC CONSTRUCTION & CONSTRUCTION SUPPLY,different,unreviewed
0,0.8218,BARANGAY CALOC-AN - MAGALLANES AGUSAN DEL NORTE,"BARANGAY STO. NINO, TANAUAN, LEYTE",different,unreviewed
0,0.8279,SOFIA JENN DRESS SHOP AND TAILORING,SOFIA PLUS MEDICAL SUPPLIES TRADING,different,unreviewed
0,0.8385,ASOSASYON NG NAGKAKAISANG MAMAMAYAN NG BRGY. KIOBOG,ASOSASYON SANG MGA MAMUMUGON SA NOLAN,different,unreviewed
0,0.8399,"BARANGAY DAGUPAN, VINTAR, ILOCOS NORTE","BARANGAY PASIL, TANAUAN, LEYTE",different,unreviewed
0,0.8341,"BARANGAY PASIL, TANAUAN, LEYTE","BARANGAY SAPANG BIABAS, MABALACAT CITY, PAMPANGA",different,unreviewed
0,0.8299,"BARANGAY MABILEG, SIGAY, ILOCOS SUR",BARANGAY NAGSABARAN - SAN JUAN (LAPOG) ILOCOS SUR,different,unreviewed
0,0.8504,"MUNICIPALITY OF BAGGAO, CAGAYAN","MUNICIPALITY OF MANOLO FORTICH, BUKIDNON",different,unreviewed
0,0.8274,CHUM'S DIGITAL PHOTOGRAPHY STUDIO,CHUMS PHARMACEUTICAL PRODUCTS TRADING,different,unreviewed
0,0.8332,"BARANGAY 10 POBLACION, CATANAUAN, QUEZON","BARANGAY CASINAGAN, OAS, ALBAY",different,unreviewed
0,0.8629,"BARANGAY 10, LUCENA CITY","BARANGAY BALIGANG, LIGAO CITY",different,unreviewed
0,0.8455,AUTOMATED BLINDS AND CURTAINS HOME DECOR TRADING,"AUTOMATED LIGHTWORKS ENTERTAINMENT, INC",different,unreviewed
0,0.8728,TRIPLE 8 MERCHANDISING,TRIPLE Z CATERING,different,unreviewed
0,0.8201,GOLDEN GATE EXPRESS SERVICE,GOLDEN PRINCE HOTEL INC,different,unreviewed
0,0.8842,FIRST PACIFIC FORTUNE COMMERCIAL CORPORATION,FIRST PACIFIC UNIVERSAL AUTO CORPORATION,different,unreviewed
0,0.874,"BARANGAY AMTIC, LIGAO CITY",BARANGAY LAGAWA COMMUNITY ASSOCIATION INC.,different,unreviewed
0,0.8205,"BARANGAY POBLACION, QUIRINO, ILOCOS SUR",BARANGAY SAN JOSE - CORON PALAWAN,different,unreviewed
0,0.8308,"BARANGAY BASICAO COASTAL, PIO DURAN, ALBAY","BARANGAY SACME, TANAUAN, LEYTE",different,unreviewed
0,0.8449,"BARANGAY 09 POBLACION, CATANAUAN, QUEZON","BARANGAY LUMBAYAO, VALENCIA CITY",different,unreviewed
0,0.8512,"BARANGAY BUYOT, DON CARLOS, BUKIDNON","BARANGAY DONA MERCEDES, GUINOBATAN, ALBAY",different,unreviewed
0,0.8239,REX E. MORALES CONSTRUCTION / MAC BUILDERS (JOINT VENTURE),REX-ADB STORES & SERVICES INC. - TUGUEGARAO,different,unreviewed
0,0.8283,SAN ANTONIO FOREST MANAGEMENT ASSOCIATION INC.,SAN BUENA CONSTRUCTION & GENERAL MERCHANDISE,different,unreviewed
0,0.842,NEW WORLD ENERGY DEVELOPMENT SERVICES,NEW WORLD PRINTING CORPORATION,different,unreviewed
0,0.842,NEW ERA METALFORMING INDUSTRY,NEW VIGAN LIBERTY MARKETING,different,unreviewed
0,0.8359,NATIONAL CONFEDERATION OF COOPERATIVES (NATCCO),NATIONAL FOOD AUTHORITY - ALBAY PROVINCIAL OFFICE,different,unreviewed
0,0.8525,"BARANGAY BAGUMBAYAN-ILAJAN, ALIMODIAN, ILOILO","BARANGAY GUIPIS, ANILAO, ILOILO",different,unreviewed
0,0.8461,SUBIC BAY AVIATION SUPPORT SERVICES INC.,SUBIC BAY DEVELOPMENT & INDUSTRIAL ESTATE CORPORATION,different,unreviewed
0,0.8405,"BARANGAY PALLOGAN. TAGUDIN, ILOCOS SUR","BARANGAY PUNANG, SOFRONIO ESPANOLA, PALAWAN",different,unreviewed
0,0.8628,STANDARD ENTERPRISES,STANDARD OVERSEAS BUSINESS CORPORATION,different,unreviewed
0,0.8366,"BARANGAY PALACPACAN, SAN FERNANDO, BUKIDNON","BARANGAY PALTOC, SAN EMILIO, ILOCOS SUR",different,unreviewed
0,0.8224,ATTORNEY FILEMON SALINAS CIMAFRANCA,ATTORNEY GUILLER YRAY CENIZA,different,unreviewed
0,0.8217,BAY BAY BEACH RESORT,BAY VIEW PARK AND RESORT,different,unreviewed
0,0.8292,"PHILIPPINE CENTER FOR ENTREPRENEURSHIP FOUNDATION, INC.",PHILIPPINE INTERACTIVE AUDIOTEXT SERVICES INC.,different,unreviewed
0,0.8394,MAMA D'S KAN-ANAN,MAMA LALI'S ANGELS EATERY AND CATERING SERVICES,different,unreviewed
0,0.8533,CEBU CONSUMER GOODS TRADING,CEBU NEW GOLD MARKETING,different,unreviewed
0,0.8257,"BARANGAY BINODEGAHAN, PIO DURAN, ALBAY","BARANGAY CALAOAGAN, LAOAC, PANGASINAN",different,unreviewed
0,0.8324,NEW ARCOND BUILDERS INCORPORATED,NEW MARCING COCOLUMBER AND CONSTRUCTION SUPPLY,different,unreviewed
0,0.8433,PHILIPPINE CHILDREN'S MEDICAL CENTER,PHILIPPINE INTERNATIONAL CONVENTION CENTER,different,unreviewed
0,0.8209,CARAGA ADVENTIST MULTI-PURPOSE COOPERATIVE,"CARAGA CONSULTANCY, TRAINING, MGT. AND DEV'T CORPORATION",different,unreviewed
0,0.8223,"PHILIPPINE PUBLISHING HOUSE OF THE SEVENTH DAY ADVENTIST, INC. - MANILA",PHILIPPINE STATISTICS AUTHORITY - ALBAY,different,unreviewed
1,0.9047,"MUNICIPALITY OF MAIMBUNG, SULU","MUNICIPALITY OF MARAMAG, BUKIDNON",different,unreviewed
1,0.945,PHILIPPINE BELT MANUFACTURING CORPORATION,PHILIPPINE VALVE MANUFACTURING COMPANY,different,unreviewed
1,0.9115,NATIONAL IRRIGATION ADMINISTRATION - CENTRAL OFFICE,NATIONAL IRRIGATION ADMINISTRATION MULTI-PURPOSE COOPERATIVE,different,unreviewed
1,0.903,"BARANGAY CRISPINA, BANNA, ILOCOS NORTE","BARANGAY PAYAC, BANGUI, ILOCOS NORTE",different,unreviewed
1,0.9087,COPY CIRCLE TRADING,COPY REALM TRADING,different,unreviewed
1,0.9111,EMCOR,EMCOR INC.,same,unreviewed
1,0.9173,LBC EXPRESS INC - PASAY,"LBC EXPRESS-SMM, INC.",different,unreviewed
1,0.9245,COPYLANDIA OFFICE SYSTEMS CORP. - GENERAL SANTOS,COPYLANDIA OFFICE SYSTEMS CORPORATION-DAVAO CITY,same,unreviewed
1,0.9021,EMCOR PASSI,"EMCOR-ATS, INC.",unsure,unreviewed
1,0.9185,MBM CONSTRUCTION,MBM CONSTRUCTION AND SUPPLY,unsure,unreviewed
1,0.9401,COPYLANDIA OFFICE SYSTEMS CORPORATION - DAVAO CITY,COPYLANDIA OFFICE SYSTEMS CORPORATION - TAGBILARAN CITY,same,unreviewed
1,0.9,EMCOR INC.-LIBERTAD,"EMCOR, INCORPORATED",same,unreviewed
1,0.9314,DEPARTMENT OF EDUCATION,DEPARTMENT OF EDUCATION COOPERATIVE,different,unreviewed
1,0.9118,EASTERN HALFWAY INN,EASTERN HALFWAY INN AND RESTAURANT,same,unreviewed
1,0.9128,AWESOME HOTEL INC.,AWESOME HOTEL SAN JUAN,same,unreviewed
1,0.9145,"RELY CONSTRUCTION AND SUPPLY, INC.",RELY CONSTRUCTION AND SUPPLY/RAKKI CORPORATION JOINT VENTURE,different,unreviewed
1,0.903,EASTERN A COMPANY INC.,"EASTERN MACHINE WORKS, INC.",different,unreviewed
1,0.9079,NATIONAL FOOD AUTHORITY - BILIRAN PROVINCE,NATIONAL FOOD AUTHORITY - DIPOLOG CITY,same,unreviewed
1,0.9078,GOLDEN LEGACY CONSTRUCTION,GOLDEN SIX CONSTRUCTION,different,unreviewed
1,0.9343,"RURAL BANK OF GOA, INC.","RURAL BANK OF MAMBUSAO, INC.",different,unreviewed
1,0.9064,N.D.M. SANCHEZ BUILDERS & DEVELOPMENT CORPORATION / BOMEL CONSTRUCTION JOINT VENTURE,"N.D.M. SANCHEZ BUILDERS & DEVELOPMENT CORPORATION / T. SOLOMON CONSTRUCTION AND DEVELOPMENT CORPORATION, JOINT VENTURE",different,unreviewed
1,0.9357,GOLDEN H8 CONSTRUCTION,GOLDEN SIX CONSTRUCTION,different,unreviewed
1,0.9294,PHILIPPINE POSTAL CORPORATION,PHILIPPINE POSTAL CORPORATION - MEGA MANILA,same,unreviewed
1,0.9032,GOLDEN HANDS TRADING,GOLDEN SAPPHIRE TRADING,different,unreviewed
1,0.92,"EMCOR, INC. - TACLOBAN","EMCOR,INC.-BALAMBAN",same,unreviewed
1,0.9001,POWER COMPACT ENTERPRISES,POWER ON ENTERPRISE,different,unreviewed
1,0.9429,COPYLANDIA OFFICE SYSTEMS CORPORATION,COPYLANDIA OFFICE SYSTEMS CORPORATION - ILIGAN CITY,same,unreviewed
1,0.9268,NATIONAL FOOD AUTHORITY - CATANDUANES,NATIONAL FOOD AUTHORITY - IBA ZAMBALES,same,unreviewed
1,0.9288,"PACIFICA AGRIVET SUPPLIES, INC. - CDO","PACIFICA AGRIVET SUPPLIES, INC. - LEGASPI BRANCH",same,unreviewed
1,0.9242,NATIONAL FOOD AUTHORITY - MOUNTAIN PROVINCE,NATIONAL FOOD AUTHORITY - OCCIDENTAL MINDORO,same,unreviewed
1,0.9254,NEW KEEN'S TRADING,NEW LINE TRADING,different,unreviewed
1,0.9031,PHILIPPINE RED COSS CALOOCAN CITY,PHILIPPINE RED CROSS LAGUNA CHAPTER,same,unreviewed
1,0.9145,SUPREME ABF CONSTRUCTION & CONSTRUCTION SUPPLY INC./ALMANA CONSTRUCTION AND DEV'T CORPORATION(JV),"SUPREME ABF CONSTRUCTION AND CONSTRUCTION SUPPLY COMPANY, INC. / CELCOR BUILDERS & EQUIPMENTS, INC. - JOINT VENTURE",different,unreviewed
1,0.9186,NATIONAL FOOD AUTHORITY - CAVITE,NATIONAL FOOD AUTHORITY - REGION XII,same,unreviewed
1,0.9042,"BARANGAY MALAYA, CERVANTES, ILOCOS SUR","BARANGAY SULVEC, NARVACAN, ILOCOS SUR",different,unreviewed
1,0.917,"BARANGAY BADIAN, OAS, ALBAY","BARANGAY BALOGO, OAS, ALBAY",different,unreviewed
1,0.9359,NATIONAL FOOD AUTHORITY - AKLAN PROVINCIAL OFFICE,NATIONAL FOOD AUTHORITY - LA UNION PROVINCIAL OFFICE,same,unreviewed
1,0.9243,PROVINCE OF BULACAN,PROVINCE OF PALAWAN,different,unreviewed
1,0.9043,DIPOLOG DIAMOND HARDWARE,DIPOLOG DIAMOND HARDWARE AND ELECTRICAL SUPPLY,same,unreviewed
1,0.9001,"EMCOR, INC. - ILIGAN","EMCOR, INC. - TALISAY",same,unreviewed
1,0.9101,"BARANGAY AGUING, SINAIT, ILOCOS SUR","BARANGAY PUG-OS, SINAIT, ILOCOS SUR",different,unreviewed
1,0.9144,"BARANGAY 8, BATANGAS CITY","BARANGAY ORAS, TABACO CITY",different,unreviewed
1,0.9005,"MUNICIPALITY OF CARLES, ILOILO","MUNICIPALITY OF MIAG-AO, ILOILO",different,unreviewed
1,0.9349,METRO RETAIL STORES GROUP INC,"METRO RETAIL STORES GROUP, INC. - CALBAYOG CITY",same,unreviewed
1,0.9308,COPYLANDIA OFFICE SYSTEMS CORPORATION - BUTUAN CITY,COPYLANDIA OFFICE SYSTEMS CORPORATION - LEGAZPI,same,unreviewed
1,0.9,FARMACIA JESSICA,FARMACIA JURUENA,different,unreviewed
1,0.9113,OCTAGON CATERING SERVICES,OCTAGON CREST VENUE,unsure,unreviewed
1,0.9379,ALCANTARA COMMERCIAL,ALCANTARA COMMERCIAL BUILDING,different,unreviewed
1,0.9095,4J'S SANITARY SERVICES,4JS CATERING SERVICES,different,unreviewed
1,0.943,COPYLANDIA OFFICE SYSTEMS CORP - BACOLOD CITY,COPYLANDIA OFFICE SYSTEMS CORPORATION - DAGUPAN CITY,same,unreviewed
1,0.9262,NATIONAL FOOD AUTHORITY - REGION IV,NATIONAL FOOD AUTHORITY - SURIGAO DEL NORTE,same,unreviewed
1,0.9,"EMCOR, INC - KCC MALL","EMCOR, INC.",same,unreviewed
1,0.9262,UNIVERSITY OF THE PHILIPPINES - MINDANAO,"UNIVERSITY OF THE PHILIPPINES VISAYAS FOUNDATION, INC.",different,unreviewed
1,0.9006,"BARANGAY BANAO, OAS, ALBAY","BARANGAY SAN PABLO, BACACAY, ALBAY",different,unreviewed
1,0.9412,JMCC TRADING,JMCC TRADING CORPORATION,unsure,unreviewed
1,0.9234,"MUNICIPALITY OF ABORLAN, PALAWAN","MUNICIPALITY OF CORON, PALAWAN",different,unreviewed
1,0.9091,"WEE ENG CONSTRUCTION, INC/ALONZO CONSTRUCTION","WEE ENG CONSTRUCTION, INCORPORATED",different,unreviewed
1,0.9175,COLORSTEEL SYSTEMS CORPORATION - BACOLOD,COLORSTEEL SYSTEMS CORPORATION - PAMPANGA,same,unreviewed
1,0.9045,CEBU SOUTHERN HARDWARE INC.,"CEBU SOUTHERN MOTORS, INC.",different,unreviewed
1,0.9471,RECIDENCIA DEL HAMOR CORPORATION,RECIDENCIA DEL HAMOR FULLVIEW CORPORATION,different,unreviewed
1,0.9409,UNIVERSAL GRAINS CORPORATION,UNIVERSAL ROBINA CORPORATION,different,unreviewed
1,0.9364,SPEEDPRINTER MICROVENTURES INC.,SPEEDPRINTER MICROVENTURES PRINTING SERVICES,unsure,unreviewed
1,0.9356,COPYLANDIA OFFICE SYSTEMS CORP - BACOLOD CITY,COPYLANDIA OFFICE SYSTEMS CORPORATION - CABANATUAN CITY,same,unreviewed
1,0.9071,RELY CONSTRUCTION AND SUPPLY / NLC CONSTRUCTION AND SUPPLIES JOINT VENTURE,RELY CONSTRUCTION AND SUPPLY/RITZTOK CONSTRUCTION AND SUPPLY (JV),different,unreviewed
1,0.9174,"BARANGAY PUALAS, BAUNGON, BUKIDNON","BARANGAY SALAWAGAN, QUEZON, BUKIDNON",different,unreviewed
1,0.9408,LUCKY EA TRADING,LUCKY ROSE TRADING,different,unreviewed
1,0.9364,GMA NETWORK INC.,"GMA NETWORK, INC. - ILOILO",same,unreviewed
1,0.9492,COPYLANDIA OFFICE SYSTEMS CORPORATION - LEGAZPI,COPYLANDIA OFFICE SYSTEMS CORPORATION - TAGBILARAN,same,unreviewed
1,0.9038,NATIONAL FOOD AUTHORITY - BATANGAS,NATIONAL FOOD AUTHORITY - BILIRAN PROVINCE,same,unreviewed
1,0.9175,"BARANGAY BANOEN, QUIRINO, ILOCOS SUR","BARANGAY POBLACION, QUIRINO, ILOCOS SUR",different,unreviewed
1,0.9278,MAPECON PHILIPPINES INC,MAPECON PHILIPPINES INC.- DAVAO BRANCH,same,unreviewed
1,0.915,TRI-J & A ENTERPRISES,TRI-TAG ENTERPRISES,different,unreviewed
1,0.9038,"MUNICIPALITY OF POLANGUI, ALBAY","MUNICIPALITY OF TOLOSA, LEYTE",different,unreviewed
1,0.9047,NATIONAL IRRIGATION ADMINISTRATION - BOHOL IRRIGATION PROJ.2,NATIONAL IRRIGATION ADMINISTRATION MULTI-PURPOSE COOPERATIVE,different,unreviewed
1,0.9096,"BARANGAY BANTONAN, CAMALIG, ALBAY","BARANGAY MAGPANAMBO, POLANGUI, ALBAY",different,unreviewed
2,0.9724,JEGABYTES COMPUTER CENTER,"JEGABYTES COMPUTER CENTER, INC.",same,unreviewed
2,0.9756,MAR-DEB CONSTRUCTION & DEVELOPMENT CORP.,MAR-DEB CONSTRUCTION AND DEVELOPMENT,same,unreviewed
2,0.9659,INTERCONTINENTAL BROADCASTING CORPORATION,INTERCONTINENTAL BROADCASTING CORPORATION ( IBC 13 ),same,unreviewed
2,0.9619,TALISAY WATER LAB,TALISAY WATER LAB INCORPORATED,same,unreviewed
2,0.975,PHILIPPINE DUPLICATORS INC - TACLOBAN CITY,"PHILIPPINE DUPLICATORS, INC. - TACLOBAN",same,unreviewed
2,0.9714,TRIPLE H STORE,TRIPLE L STORE,different,unreviewed
2,0.9879,NATIONAL FOOD AUTHORITY - REGION II,NATIONAL FOOD AUTHORITY - REGION IX,same,unreviewed
2,0.9784,CONSOLACION KAPATIRAN MULTI-PURPOSE COOPERATIVE,CONSOLACION KAPATIRAN MULTIPURPOSE COOPERATIVE,same,unreviewed
2,0.9518,NATIONAL FOOD AUTHORITY - DAVAO CITY,NATIONAL FOOD AUTHORITY - DIGOS CITY,same,unreviewed
2,0.983,SAINT FRANCIS AUTOPARTS AND CAR CARE CENTER,SAINT FRANCIS AUTOPARTS AND CAR CARE CENTER OPC,same,unreviewed
2,0.955,NATIONAL FOOD AUTHORITY - DIGOS CITY,NATIONAL FOOD AUTHORITY - PAGADIAN CITY,same,unreviewed
2,0.9513,"BARANGAY 705, ZONE 77, DISTRICT V, MANILA","BARANGAY 781, ZONE 85, DISTRICT V MANILA",different,unreviewed
2,0.9862,GEOINFOMETRICS SOLUTIONS CO.,GEOINFOMETRICS SOLUTIONS CORP.,same,unreviewed
2,0.9778,IKF HOME FURNISHING & OFFICE FURNITURE,IKF HOME FURNISHING & OFFICE FURNITURE CORP.,same,unreviewed
2,0.9512,"SUPREME ABF CONSTRUCTION & CONSTRUCTION SUPPLY CO., INC./CANLAON BUILDERS AND DEVELOPMENT CORPORATION JOINT VENTURE","SUPREME ABF CONSTRUCTION AND CONSTRUCTION SUPPLY COMPANY, INC. / CELCOR BUILDERS & EQUIPMENTS, INC. - JOINT VENTURE",different,unreviewed
2,0.9674,KIDAPAWAN DAVAO AIRCON VAN AND JEEPNEY OPERATORS AND DRIVERS ASSOCIATION,"KIDAPAWAN-DAVAO AIRCON VAN & JEEPNEY OPERATORS & DRIVERS ASSOCIATION (KIDAVJODA), INC.",same,unreviewed
2,0.9744,PING-ANN'S CONSTRUCTION & TRADING,PING-ANN'S CONSTRUCTION AND TRADING CORPORATION,same,unreviewed
2,0.9541,"BARANGAY MANILA, RAPU-RAPU, ALBAY","BARANGAY MASAGA, RAPU-RAPU, ALBAY",different,unreviewed
2,0.9641,BAGUIO CITY MOUNTAINEER'S TRANSPORT ASSOCIATION,BAGUIO CITY MOUNTAINEERS TRANSPORT ASSN.INC.,same,unreviewed
2,0.95,PASAJERO MOTOR SALES CORP.,PASAJERO MOTORS CORPORATION,same,unreviewed
2,0.9615,"BEROVAN MARKETING, INC.","BEROVAN MARKETING, INC.-NAGA",same,unreviewed
2,0.9875,LUNAR DRUG STORE,LUNAR DRUGSTORE,same,unreviewed
2,0.966,DYNASTY MANAGEMENT AND DEVELOPMENT CORPORATION,DYNASTY MANAGEMENT AND DEVELOPMENT CORPORATION - BACOLOD,same,unreviewed
2,0.9789,"COOL AIR STREAM SALES & SERVICES, INC.",COOL AIR STREAM SALES AND SERVICES,same,unreviewed
2,0.9768,NATIONAL FOOD AUTHORITY - REGION VIII,NATIONAL FOOD AUTHORITY - REGION XI,same,unreviewed
2,0.96,APU CONSTRUCTION,APU CONSTRUCTION INC,unsure,unreviewed
2,0.9519,"BARANGAY 792, ZONE 86, DISTRICT V, MANILA","BARANGAY 870, ZONE 95, DISTRICT VI MANILA",different,unreviewed
2,0.9673,ONG CONSTRUCTION SUPPLIES,ONG CONSTRUCTION SUPPLY,unsure,unreviewed
2,0.9758,JOHNCOR CONSTRUCTION AND SUPPLIES,JOHNCOR CONSTRUCTION SUPPLIES,same,unreviewed
2,0.9579,LVM FOOD SUPPLY,LVM FOOD SUPPLY INC.,same,unreviewed
2,0.982,DEPARTMENT OF BUDGET AND MANAGEMENT - REGIONAL OFFICE IV-A,DEPARTMENT OF BUDGET AND MANAGEMENT - REGIONAL OFFICE VIII,same,unreviewed
2,0.9714,GRIN-I-TECH I.T. SOLUTIONS,GRIN-I-TECH I.T. SOLUTIONS INC.,same,unreviewed
2,0.9526,HIGHLANDER HOTEL AND RESORT,HIGHLANDER HOTEL AND RESTAURANT,same,unreviewed
2,0.9742,SBB CONSTRUCTION & SUPPLY,"SBB CONSTRUCTION & SUPPLY, INC.",same,unreviewed
2,0.9692,OUR BUILDER'S WAREHOUSE INC,OUR BUILDERS WAREHOUSE,same,unreviewed
2,0.96,THE HOTEL SOPHIA,THE HOTEL SOPHIA INC.,same,unreviewed
2,0.9521,ISUZU AUTOMOTIVE DEALERSHIP INC. - TAYTAY,"ISUZU AUTOMOTIVE DEALERSHIP, INC. - PASIG",same,unreviewed
2,0.9544,MAMA CEL'S CATERING SERVICES,MAMA FEMS CATERING SERVICES,different,unreviewed
2,0.975,PANICUASON HOT SPRING RESORT,"PANICUASON HOT SPRING RESORT, INC.",same,unreviewed
2,0.9619,RMKP CONSTRUCTION,RMKP CONSTRUCTION INC.,same,unreviewed
2,0.963,AMBIK TRAVEL AND TOURS,AMBIK TRAVEL AND TOURS CORPORATION,same,unreviewed
2,0.9875,PHILIPPINE POSTAL CORPORATION - REGION VI,PHILIPPINE POSTAL CORPORATION - REGION XI,same,unreviewed
2,0.9535,NATIONAL FOOD AUTHORITY - MAIN,NATIONAL FOOD AUTHORITY - ROMBLON,same,unreviewed
2,0.9532,PRUDENTIAL GUARANTEE AND ASSURANCE INC.- MALOLOS BRANCH,"PRUDENTIAL GUARANTEE AND ASSURANCE, INC. - TARLAC BRANCH",same,unreviewed
2,0.9632,LUCKY ME TRADING,LUCKY MED TRADING,different,unreviewed
2,0.9692,LOPEZ CENTRE OFFICE AND SCHOOL SUPPLIES,LOPEZ CENTRE SCHOOL AND OFFICE SUPPLIES,same,unreviewed
2,0.9565,KSERVICO TRADE INC.,KSERVICO TRADE INC. - ABRA,same,unreviewed
2,0.9574,"BARANGAY 781, ZONE 85, DISTRICT V MANILA","BARANGAY 870, ZONE 95, DISTRICT VI MANILA",different,unreviewed
2,0.9579,PRYCE GASES INC.,PRYCE GASES INC.-NMO,same,unreviewed
2,0.981,SBK CONSTRUCTION SUPPLIES & SERVICES,SBK CONSTRUCTION SUPPLIES AND SERVICES INC.,same,unreviewed
2,0.9586,CASH PROCESSING SOLUTIONS INC.,CASH PROCESSING SOLUTIONS LTD,unsure,unreviewed
2,0.9579,"BARANGAY 674 ZONE 74 DISTRICT V, MANILA","BARANGAY 781, ZONE 85, DISTRICT V MANILA",different,unreviewed
2,0.9526,COPYLANDIA OFFICE SYSTEM CORPORATION,COPYLANDIA OFFICE SYSTEMS CORPORATION - LEGAZPI,same,unreviewed
2,0.9867,JMP ENTERPRISE,JMP ENTERPRISES,unsure,unreviewed
2,0.975,RELY CONSTRUCTION AND SUPPLY,"RELY CONSTRUCTION AND SUPPLY, INC.",same,unreviewed
2,0.98,REMNANT INSTITUTE OF ALTERNATIVE MEDICINE (RIAM) INC.,REMNANT INSTITUTE OF ALTERNATIVE MEDICINE INC.,same,unreviewed
2,0.9724,MIDSAYAP QUALITY EMPORIUM,"MIDSAYAP QUALITY EMPORIUM, INC.",same,unreviewed
2,0.9542,PHILIPPINE STATISTICS AUTHORITY - CEBU CITY,PHILIPPINE STATISTICS AUTHORITY - LEYTE,same,unreviewed
2,0.9673,P.S.S. GENERAL MERCHANDISE,PSS GENERAL MERCHANDISING,unsure,unreviewed
2,0.9704,INTUNE PRO MUSIC CENTER,INTUNE PRO MUSIC CENTER INC.,same,unreviewed
2,0.9879,NATIONAL FOOD AUTHORITY - REGION II,NATIONAL FOOD AUTHORITY - REGION VI,same,unreviewed
2,0.9592,EGB CONSTRUCTION / DALCON CONSTRUCTION - JOIN VENTURE,EGB CONSTRUCTION/DALCON CONSTRUCTION (JV),same,unreviewed
2,0.9551,DEPARTMENT OF EDUCATION - DIVISION OF MALAYBALAY CITY,DEPARTMENT OF EDUCATION - DIVISION OF MASBATE CITY,same,unreviewed
2,0.9531,PHOTOPRO TRADING AND GENERAL MERCHANDISE CO. - CEBU,PHOTOPRO TRADING AND GENERAL MERCHANDISE COMPANY - TACLOBAN CITY,same,unreviewed
2,0.9566,LUCKY J GENERAL MERCHANDISE,LUCKY JLZ GENERAL MERCHANDISE,different,unreviewed
2,0.9667,LEGAZPI PEOPLE'S MARKETING,LEGAZPI PEOPLE'S MARKETING CORPORATION,same,unreviewed
2,0.9895,CARDING ENTERPRISE,CARDING ENTERPRISES,unsure,unreviewed
2,0.9692,"SOLID MOTORCYCLE DISTRIBUTOR'S, INC.","SOLID MOTORCYCLE DISTRIBUTORS, INC. - ROXAS",same,unreviewed
2,0.959,PHILIPPINE SPRING WATER RESOURCES INC. - ANGELES,"PHILIPPINE SPRING WATER RESOURCES, INC. - CEBU",same,unreviewed
2,0.9717,GOLDEN FAMILY CONSUMER GOODS TRADING,GOLDEN-JAM CONSUMER GOODS TRADING,different,unreviewed
2,0.9644,PHILIPPINE SPRING WATER RESOURCES INC. - ANGELES,"PHILIPPINE SPRING WATER RESOURCES, INC.",same,unreviewed
2,0.9723,TRIPLE AE CONSTRUCTION,TRIPLE V CONSTRUCTION,different,unreviewed
2,0.9529,BXU COPY TRADING & ENT. CORP - CDO BRANCH,BXU COPY TRADING & ENT. CORP. - TACLOBAN BRANCH,same,unreviewed
2,0.9667,"LBC EXPRESS, INC.","LBC EXPRESS-SL, INC",different,unreviewed
2,0.9521,DEVELOPMENT BANK OF THE PHILIPPINES - BAGUIO,DEVELOPMENT BANK OF THE PHILIPPINES - PASIG BRANCH,same,unreviewed
3,1.0,"HORIZON TRANSPORT TOUR & RENT A CAR, CORP.",HORIZON TRANSPORT TOUR AND RENT-A-CAR CORP.,same,unreviewed
3,1.0,L.M.S. INDUSTRIES,LMS INDUSTRIES,same,unreviewed
3,1.0,N.B.P. TRADING AND SERVICES,NBP TRADING & SERVICES,same,unreviewed
3,1.0,TRICOM DYNAMICS INC,TRICOM DYNAMICS INC.,same,unreviewed
3,1.0,"""GELINE'S GROCERY""",GELINE'S GROCERY,same,unreviewed
3,1.0,OFFICEMATE PRINTS & SERVICES,OFFICEMATE PRINTS AND SERVICES,same,unreviewed
3,1.0,"TRI-EX TOWER CO., INC.","TRI-EX TOWER COMPANY, INC.",same,unreviewed
3,1.0,AVZ CONSTRUCTION & SUPPLY,AVZ CONSTRUCTION AND SUPPLY,same,unreviewed
3,0.9939,NATIONAL FOOD AUTHORITY - REGION IV,NATIONAL FOOD AUTHORITY - REGION VI,same,unreviewed
3,1.0,UNIVERSITY OF SCIENCE AND TECHNOLOGY OF SOUTHERN PHILIPPINES,UNIVERSITY OF SCIENCE AND TECHNOLOGY OF SOUTHERN PHILIPPINES.,same,unreviewed
3,1.0,TIM TAM GASOLINE STATION,TIM-TAM GASOLINE STATION,same,unreviewed
3,0.995,"A.M.I. EQUIPMENT SERVICES AND SOLUTIONS, INC.",AMI EQUIPMENT SERVICES AND SOLUTION INC.,same,unreviewed
3,1.0,BULWARK DIGITAL SECURITY MONITORING (BDSM) INC.,BULWARK DIGITAL SECURITY MONITORING (BDSM) INCORPORATED,same,unreviewed
3,1.0,FOUR J CONSTRUCTION,FOUR-J CONSTRUCTION,unsure,unreviewed
3,0.9902,BARANGAY 13 GINGOOG CITY MISAMIS ORIENTAL,BARANGAY 23 - GINGOOG CITY MISAMIS ORIENTAL,different,unreviewed
3,1.0,RURAL IMPROVEMENT CLUB (RIC),RURAL IMPROVEMENT CLUB(RIC),unsure,unreviewed
3,1.0,RAC'S OFFICE SUPPLIES AND EQUIPMENT TRADING,RACS OFFICE SUPPLIES AND EQUIPMENT TRADING,same,unreviewed
3,1.0,EPICUREAN PARTNERS EXCHANGE INC,EPICUREAN PARTNERS EXCHANGE INC.,same,unreviewed
3,1.0,BUGUINA'S HARDWARE & GENERAL MERCHANDISE,BUGUINA'S HARDWARE AND GENERAL MERCHANDISE,same,unreviewed
3,1.0,PLUSIGN HOME ENTERPRISES INC,"PLUSIGN HOME ENTERPRISES, INC.",same,unreviewed
3,1.0,RVB'S FAIR PRICE INC.,RVB'S FAIR PRICE INCORPORATED,same,unreviewed
3,1.0,"HAN DESIGN I, T & A INC.","HAN DESIGN I,T & A INC.",same,unreviewed
3,0.9902,BARANGAY 13 GINGOOG CITY MISAMIS ORIENTAL,BARANGAY 14 - GINGOOG CITY MISAMIS ORIENTAL,different,unreviewed
3,1.0,SUPERVENTURE TOUR SERVICES INC,SUPERVENTURE TOUR SERVICES INC.,same,unreviewed
3,1.0,P.E.R.R.C. CONSTRUCTION & DEVELOPMENT CORPORATION,PERRC CONSTRUCTION & DEVELOPMENT CORPORATION,same,unreviewed
3,1.0,SOUTHCOAST MARKETING INC.,"SOUTHCOAST MARKETING, INC.",same,unreviewed
3,1.0,BIZBOX INC.,"BIZBOX, INCORPORATED",same,unreviewed
3,1.0,INKSTOP SHOPPE & GENERAL MERCHANDISE,INKSTOP SHOPPE AND GENERAL MERCHANDISE,same,unreviewed
3,0.9938,PHILIPPINE POSTAL CORPORATION - REGION V,PHILIPPINE POSTAL CORPORATION - REGION VI,same,unreviewed
3,0.9939,NATIONAL FOOD AUTHORITY - REGION IX,NATIONAL FOOD AUTHORITY - REGION XI,same,unreviewed
3,1.0,Z.A.S. CONSTRUCTION AND SUPPLY,ZAS CONSTRUCTION AND SUPPLY,same,unreviewed
3,1.0,A.B.C. HARDWARE AND CONSTRUCTION SUPPLIES,ABC HARDWARE & CONSTRUCTION SUPPLIES,same,unreviewed
3,1.0,CAPITANCILLO CAFE & RESTAURANT,CAPITANCILLO CAFE AND RESTAURANT,same,unreviewed
3,1.0,LIME & ZEST KITCHEN,LIME AND ZEST KITCHEN,same,unreviewed
3,1.0,TRI-J & A ENTERPRISES,TRI-J AND A ENTERPRISES,same,unreviewed
3,1.0,J.W.D. CONSTRUCTION,JWD CONSTRUCTION,same,unreviewed
3,1.0,TRI JOHN TRADING,TRI-JOHN TRADING,unsure,unreviewed
3,1.0,GLOBALKNOWLEDGE PH INC.,"GLOBALKNOWLEDGE PH, INC",same,unreviewed
3,1.0,ABM1 BUILDERS & SUPPLY,ABM1 BUILDERS AND SUPPLY,same,unreviewed
3,1.0,GLOBALTRONICS INC.,"GLOBALTRONICS, INC.",same,unreviewed
3,1.0,PNCCI EATERY & CATERING SERVICES,PNCCI EATERY AND CATERING SERVICES,same,unreviewed
3,1.0,ELECMAN AUTO INDUSTRIAL ELECTRICAL SUPPLY & SERVICES,ELECMAN AUTO INDUSTRIAL ELECTRICAL SUPPLY AND SERVICES,same,unreviewed
3,1.0,EMCOR INC.,"EMCOR, INC",same,unreviewed
3,0.9943,XYMBOLIC IT SOLUTION PROVIDER CORPORATION,XYMBOLIC IT SOLUTIONS PROVIDER CORPORATION,same,unreviewed
3,1.0,FLYING HOUSE GENERAL ENTERPRISES INC.,"FLYING HOUSE GENERAL ENTERPRISES, INC.",same,unreviewed
3,1.0,ALSON'S TRADING,ALSONS TRADING,same,unreviewed
3,0.9941,PANARES TAILORING AND ART ADN SIGN,PANARES TAILORING AND ART AND SIGN,same,unreviewed
3,0.9957,GRIMIT LABORATORY FURNITURE AND EQUIPMENT CORPORATION,GRIMIT LABORATORY FURNITURES AND EQUIPMENT CORPORATION,same,unreviewed
3,0.99,GOD'SWILL ENTERPRISES,GODSWILL ENTERPRISE,same,unreviewed
3,1.0,O.T.R INTERNATIONAL INDUSTRY INC.,O.T.R. INTERNATIONAL INDUSTRY INC.,same,unreviewed
3,1.0,MTEL TRADING & MANPOWER SERVICES,MTEL TRADING AND MANPOWER SERVICES,same,unreviewed
3,1.0,OCP TYPESETTING & PRINTING SERVICES,OCP TYPESETTING AND PRINTING SERVICES,same,unreviewed
3,1.0,ASOG GARDEN & CATERING SERVICES,ASOG GARDEN AND CATERING SERVICES,same,unreviewed
3,1.0,FILCRAFTERS INCORPORATED,"FILCRAFTERS, INC.",same,unreviewed
3,1.0,LEXIGN ARTS & SIGNS,LEXIGN ARTS AND SIGNS,same,unreviewed
3,1.0,FAIR N SQUARE EMPORIUM INC,"FAIR N SQUARE EMPORIUM, INC.",same,unreviewed
3,1.0,MCBONING CONSTRUCTION ENGINEERING & SUPPLIES,MCBONING CONSTRUCTION ENGINEERING AND SUPPLIES,same,unreviewed
3,1.0,EJ'S GENERAL MERCHANDISE,EJS GENERAL MERCHANDISE,unsure,unreviewed
3,0.9966,SOCIAL ACTION CENTER OF PAMPANGA - EPHATHA DEVELOPMENT CENTE,SOCIAL ACTION CENTER OF PAMPANGA - EPHATHA DEVELOPMENT CENTER,same,unreviewed
3,1.0,M R S MOBILE SOUNDS,MRS MOBILE SOUNDS,same,unreviewed
3,1.0,NIDEX AGRI & FEEDS SUPPLY,NIDEX AGRI. AND FEEDS SUPPLY,same,unreviewed
3,1.0,NAWAWALANG PARAISO RESORT AND HOTEL,NAWAWALANG PARAISO' RESORT AND HOTEL,same,unreviewed
3,1.0,JICJAM CYCLE INCORPORATED,"JICJAM CYCLE, INC.",same,unreviewed
3,1.0,C.A.M. PRINTING PRESS,CAM PRINTING PRESS,same,unreviewed
3,0.9947,LEGACY AND TREND GARMENT MANUFACTURER,LEGACY AND TREND GARMENTS MANUFACTURER,same,unreviewed
3,1.0,"MONOLITHIC CONSTRUCTION & CONCRETE PRODUCTS, INC. / GREENLAND BUILDERS (JOINT VENTURE)","MONOLITHIC CONSTRUCTION AND CONCRETE PRODUCTS, INC./GREENLAND BUILDERS-JOINT VENTURE",same,unreviewed
3,1.0,PHILIPPINE CLINICAL CHEMISTRY & DIAGNOSTIC CORP.,PHILIPPINE CLINICAL CHEMISTRY & DIAGNOSTIC CORPORATION,same,unreviewed
3,1.0,TELIGENT SYSTEMS INC.,"TELIGENT SYSTEMS, INC.",same,unreviewed
3,1.0,AUTOHAVEN INC.,"AUTOHAVEN, INC.",same,unreviewed
3,1.0,PRYCE GASES INCORPORATED,"PRYCE GASES, INC.",same,unreviewed
3,0.9931,CHRYSUS EVENTS MANAGEMENT CO.,CHRYSUS EVENTS MANAGEMENTS CO.,same,unreviewed
3,1.0,CAIROL TRADING & GENERAL MERCHANDISE,CAIROL TRADING AND GENERAL MERCHANDISE,same,unreviewed
3,1.0,BEL AIR BUS CHARTER CORPORATION,BEL-AIR BUS CHARTER CORPORATION,same,unreviewed
3,1.0,M.R.I. CONSTRUCTION,MRI CONSTRUCTION,unsure,unreviewed
3,1.0,"WILCON DEPOT, INC","WILCON DEPOT, INC.",same,unreviewed
